{
    "name": "root",
    "gauges": {
        "Sensor.Policy.Entropy.mean": {
            "value": 2.73125958442688,
            "min": 2.4981768131256104,
            "max": 2.8014302253723145,
            "count": 253
        },
        "Sensor.Environment.EpisodeLength.mean": {
            "value": 541.5454545454545,
            "min": 101.81818181818181,
            "max": 857.3,
            "count": 253
        },
        "Sensor.Policy.ExtrinsicValueEstimate.mean": {
            "value": -0.015559855848550797,
            "min": -0.08176152408123016,
            "max": 0.03499458730220795,
            "count": 253
        },
        "Sensor.Environment.CumulativeReward.mean": {
            "value": 0.06418178975582123,
            "min": -0.8093000505119562,
            "max": 0.8763636323538694,
            "count": 253
        },
        "Sensor.Policy.ExtrinsicReward.mean": {
            "value": 0.06418178975582123,
            "min": -0.8093000505119562,
            "max": 0.8763636323538694,
            "count": 253
        },
        "Sensor.IsTraining.mean": {
            "value": 1.0,
            "min": 1.0,
            "max": 1.0,
            "count": 253
        },
        "Sensor.Losses.ValueLoss.mean": {
            "value": 0.013287811540067196,
            "min": 0.005682735238224268,
            "max": 0.03709600865840912,
            "count": 252
        },
        "Sensor.Losses.PolicyLoss.mean": {
            "value": 0.0234876349568367,
            "min": 0.013488621450960636,
            "max": 0.037296175956726074,
            "count": 252
        },
        "Sensor.Policy.LearningRate.mean": {
            "value": 0.0001641652052057907,
            "min": 0.0001641652052057907,
            "max": 0.00023962573322933167,
            "count": 252
        },
        "Sensor.Policy.Epsilon.mean": {
            "value": 0.1547217071056366,
            "min": 0.1547217071056366,
            "max": 0.1798752099275589,
            "count": 252
        },
        "Sensor.Policy.Beta.mean": {
            "value": 0.002740613417699933,
            "min": 0.002740613417699933,
            "max": 0.0039957738481462,
            "count": 252
        }
    },
    "metadata": {
        "timer_format_version": "0.1.0",
        "start_time_seconds": "1595780021",
        "python_version": "3.6.10 |Anaconda, Inc.| (default, May  7 2020, 19:46:08) [MSC v.1916 64 bit (AMD64)]",
        "command_line_arguments": "C:\\Users\\q\\anaconda3\\envs\\ml-agents\\Scripts\\mlagents-learn C:\\Users\\q\\Workspace\\MadcampWeek3\\Assets\\Training\\config\\train_sensor_config.yaml --run-id=Sensor --resume",
        "mlagents_version": "0.18.0",
        "mlagents_envs_version": "0.18.0",
        "communication_protocol_version": "1.0.0",
        "tensorflow_version": "2.2.0",
        "end_time_seconds": "1595781998"
    },
    "total": 1976.3779146000002,
    "count": 1,
    "self": 0.005620100000214734,
    "children": {
        "run_training.setup": {
            "total": 0.0086792,
            "count": 1,
            "self": 0.0086792
        },
        "TrainerController.start_learning": {
            "total": 1976.3636153,
            "count": 1,
            "self": 90.3557118999945,
            "children": {
                "TrainerController._reset_env": {
                    "total": 9.397731799999999,
                    "count": 1,
                    "self": 9.397731799999999
                },
                "TrainerController.advance": {
                    "total": 1876.3451159000056,
                    "count": 93860,
                    "self": 1.6273719999765035,
                    "children": {
                        "env_step": {
                            "total": 1874.717743900029,
                            "count": 93860,
                            "self": 1487.74977070008,
                            "children": {
                                "SubprocessEnvManager._take_step": {
                                    "total": 385.4634326999505,
                                    "count": 93860,
                                    "self": 4.813244599960228,
                                    "children": {
                                        "NNPolicy.evaluate": {
                                            "total": 380.65018809999026,
                                            "count": 93860,
                                            "self": 380.65018809999026
                                        }
                                    }
                                },
                                "workers": {
                                    "total": 1.5045404999985266,
                                    "count": 93859,
                                    "self": 0.0,
                                    "children": {
                                        "worker_root": {
                                            "total": 1963.197209200005,
                                            "count": 93859,
                                            "is_parallel": true,
                                            "self": 850.590051100017,
                                            "children": {
                                                "steps_from_proto": {
                                                    "total": 0.0011874000000000001,
                                                    "count": 1,
                                                    "is_parallel": true,
                                                    "self": 0.00030290000000000026,
                                                    "children": {
                                                        "_process_vector_observation": {
                                                            "total": 0.0008844999999999999,
                                                            "count": 2,
                                                            "is_parallel": true,
                                                            "self": 0.0008844999999999999
                                                        }
                                                    }
                                                },
                                                "UnityEnvironment.step": {
                                                    "total": 1112.6059706999881,
                                                    "count": 93859,
                                                    "is_parallel": true,
                                                    "self": 21.243621499903156,
                                                    "children": {
                                                        "UnityEnvironment._generate_step_input": {
                                                            "total": 33.75955610002466,
                                                            "count": 93859,
                                                            "is_parallel": true,
                                                            "self": 33.75955610002466
                                                        },
                                                        "communicator.exchange": {
                                                            "total": 966.9903837000271,
                                                            "count": 93859,
                                                            "is_parallel": true,
                                                            "self": 966.9903837000271
                                                        },
                                                        "steps_from_proto": {
                                                            "total": 90.6124094000333,
                                                            "count": 93859,
                                                            "is_parallel": true,