{
    "name": "root",
    "gauges": {
        "PondDuck.Policy.Entropy.mean": {
            "value": 2.609192132949829,
            "min": 2.462315559387207,
            "max": 3.5583322048187256,
            "count": 200
        },
        "PondDuck.Policy.ExtrinsicValueEstimate.mean": {
            "value": 0.7344533205032349,
            "min": -0.27791479229927063,
            "max": 1.256263256072998,
            "count": 200
        },
        "PondDuck.Losses.ValueLoss.mean": {
            "value": 0.4723881781101227,
            "min": 0.009086080826818943,
            "max": 0.6183035969734192,
            "count": 200
        },
        "PondDuck.Losses.PolicyLoss.mean": {
            "value": 0.06579817086458206,
            "min": 0.06058754399418831,
            "max": 0.084977887570858,
            "count": 200
        },
        "PondDuck.Policy.LearningRate.mean": {
            "value": 7.051050374684564e-07,
            "min": 7.051050374684564e-07,
            "max": 0.0002991391811519861,
            "count": 200
        },
        "PondDuck.Policy.Epsilon.mean": {
            "value": 0.1002350002527237,
            "min": 0.1002350002527237,
            "max": 0.1997130811214447,
            "count": 200
        },
        "PondDuck.Policy.Beta.mean": {
            "value": 3.347667370690033e-05,
            "min": 3.347667370690033e-05,
            "max": 0.009971335530281067,
            "count": 200
        },
        "PondDuck.Environment.EpisodeLength.mean": {
            "value": 740.2222222222222,
            "min": 231.66666666666666,
            "max": 6430.0,
            "count": 189
        },
        "PondDuck.Environment.CumulativeReward.mean": {
            "value": 7.988432049091595,
            "min": -3.831749825316365,
            "max": 17.568947447813116,
            "count": 189
        },
        "PondDuck.Policy.ExtrinsicReward.mean": {
            "value": 7.988432049091595,
            "min": -3.831749825316365,
            "max": 17.568947447813116,
            "count": 189
        },
        "PondDuck.IsTraining.mean": {
            "value": 1.0,
            "min": 1.0,
            "max": 1.0,
            "count": 200
        }
    },
    "metadata": {
        "timer_format_version": "0.1.0",
        "start_time_seconds": "1595933474",
        "python_version": "3.6.10 |Anaconda, Inc.| (default, May  7 2020, 19:46:08) [MSC v.1916 64 bit (AMD64)]",
        "command_line_arguments": "C:\\Users\\q\\anaconda3\\envs\\ml-agents\\Scripts\\mlagents-learn config\\train_pondduck_config.yaml --run-id=PondDuck4",
        "mlagents_version": "0.18.0",
        "mlagents_envs_version": "0.18.0",
        "communication_protocol_version": "1.0.0",
        "tensorflow_version": "2.2.0",
        "end_time_seconds": "1595939082"
    },
    "total": 5608.249821599999,
    "count": 1,
    "self": 1.1569912999993903,
    "children": {
        "run_training.setup": {
            "total": 0.0149888,
            "count": 1,
            "self": 0.0149888
        },
        "TrainerController.start_learning": {
            "total": 5607.0778415,
            "count": 1,
            "self": 64.30428239985304,
            "children": {
                "TrainerController._reset_env": {
                    "total": 13.8727315,
                    "count": 1,
                    "self": 13.8727315
                },
                "TrainerController.advance": {
                    "total": 5528.556566700148,
                    "count": 111152,
                    "self": 2.600369600087106,
                    "children": {
                        "env_step": {
                            "total": 5525.956197100061,
                            "count": 111152,
                            "self": 4938.384142100168,
                            "children": {
                                "SubprocessEnvManager._take_step": {
                                    "total": 585.1628579999042,
                                    "count": 111152,
                                    "self": 8.132334799998489,
                                    "children": {
                                        "NNPolicy.evaluate": {
                                            "total": 577.0305231999057,
                                            "count": 111152,
                                            "self": 577.0305231999057
                                        }
                                    }
                                },
                                "workers": {
                                    "total": 2.4091969999893514,
                                    "count": 111152,
                                    "self": 0.0,
                                    "children": {
                                        "worker_root": {
                                            "total": 5585.0472575000185,
                                            "count": 111152,
                                            "is_parallel": true,
                                            "self": 1130.3207826000316,
                                            "children": {
                                                "steps_from_proto": {
                                                    "total": 0.0071685,
                                                    "count": 1,
                                                    "is_parallel": true,
                                                    "self": 0.0003547000000000012,
                                                    "children": {
                                                        "_process_vector_observation": {
                                                            "total": 0.006813799999999999,
                                                            "count": 6,
                                                            "is_parallel": true,
                                                            "self": 0.006813799999999999
                                                        }
                                                    }
                                                },
                                                "UnityEnvironment.step": {
                                                    "total": 4454.719306399987,
                                                    "count": 111152,
                                                    "is_parallel": true,
                                                    "self": 145.67153199996483,
                                                    "children": {
                                                        "UnityEnvironment._generate_step_input": {
                                                            "total": 41.658661100067256,
                                                            "count": 111152,
                                                            "is_parallel": true,
                                                            "self": 41.658661100067256
                                                        },
                                                        "communicator.exchange": {
                                                            "total": 3331.606935000002,
                                                            "count": 111152,
                                                            "is_parallel": true,
                                                            "self": 3331.606935000002
                                                        },
                                                        "steps_from_proto": {
                                                            "total": 935.7821782999528,
                                                            "count": 111152,
                                                            "is_parallel": true,