{
    "name": "root",
    "gauges": {
        "Sensor.Policy.Entropy.mean": {
            "value": 1.83938729763031,
            "min": 0.6523087024688721,
            "max": 3.5767223834991455,
            "count": 500
        },
        "Sensor.Environment.EpisodeLength.mean": {
            "value": 591.5,
            "min": 134.91666666666666,
            "max": 999.0,
            "count": 500
        },
        "Sensor.Policy.ExtrinsicValueEstimate.mean": {
            "value": -0.4037964940071106,
            "min": -0.5210087299346924,
            "max": -0.30527785420417786,
            "count": 500
        },
        "Sensor.Environment.CumulativeReward.mean": {
            "value": -2.417322407166163,
            "min": -5.507308303068082,
            "max": 0.26449165989955264,
            "count": 500
        },
        "Sensor.Policy.ExtrinsicReward.mean": {
            "value": -2.417322407166163,
            "min": -5.507308303068082,
            "max": 0.26449165989955264,
            "count": 500
        },
        "Sensor.Losses.ValueLoss.mean": {
            "value": 0.026006722822785378,
            "min": 2.4566500087530585e-06,
            "max": 0.046650227159261703,
            "count": 500
        },
        "Sensor.Losses.PolicyLoss.mean": {
            "value": 0.08692502230405807,
            "min": 0.07773860543966293,
            "max": 0.10365326702594757,
            "count": 500
        },
        "Sensor.Policy.LearningRate.mean": {
            "value": 2.971999037981732e-07,
            "min": 2.971999037981732e-07,
            "max": 0.00029969465686008334,
            "count": 500
        },
        "Sensor.Policy.Epsilon.mean": {
            "value": 0.10009903460741043,
            "min": 0.10009903460741043,
            "max": 0.19989821314811707,
            "count": 500
        },
        "Sensor.Policy.Beta.mean": {
            "value": 1.49417610373348e-05,
            "min": 1.49417610373348e-05,
            "max": 0.0049949209205806255,
            "count": 500
        },
        "Sensor.IsTraining.mean": {
            "value": 1.0,
            "min": 1.0,
            "max": 1.0,
            "count": 500
        }
    },
    "metadata": {
        "timer_format_version": "0.1.0",
        "start_time_seconds": "1595787705",
        "python_version": "3.6.10 |Anaconda, Inc.| (default, May  7 2020, 19:46:08) [MSC v.1916 64 bit (AMD64)]",
        "command_line_arguments": "C:\\Users\\q\\anaconda3\\envs\\ml-agents\\Scripts\\mlagents-learn C:\\Users\\q\\Workspace\\MadcampWeek3\\Assets\\Training\\config\\train_sensor_config.yaml --run-id=Sensor2",
        "mlagents_version": "0.18.0",
        "mlagents_envs_version": "0.18.0",
        "communication_protocol_version": "1.0.0",
        "tensorflow_version": "2.2.0",
        "end_time_seconds": "1595793116"
    },
    "total": 5411.191728100001,
    "count": 1,
    "self": 0.2762769999999364,
    "children": {
        "run_training.setup": {
            "total": 0.0096124,
            "count": 1,
            "self": 0.0096124
        },
        "TrainerController.start_learning": {
            "total": 5410.9058387000005,
            "count": 1,
            "self": 106.2196114999897,
            "children": {
                "TrainerController._reset_env": {
                    "total": 4.127553099999999,
                    "count": 1,
                    "self": 4.127553099999999
                },
                "TrainerController.advance": {
                    "total": 5300.306551200011,
                    "count": 185229,
                    "self": 3.7439395998517284,
                    "children": {
                        "env_step": {
                            "total": 5296.5626116001595,
                            "count": 185229,
                            "self": 4324.914845200126,
                            "children": {
                                "SubprocessEnvManager._take_step": {
                                    "total": 968.3261805999958,
                                    "count": 185229,
                                    "self": 11.716793899888103,
                                    "children": {
                                        "NNPolicy.evaluate": {
                                            "total": 956.6093867001077,
                                            "count": 185229,
                                            "self": 956.6093867001077
                                        }
                                    }
                                },
                                "workers": {
                                    "total": 3.321585800037167,
                                    "count": 185229,
                                    "self": 0.0,
                                    "children": {
                                        "worker_root": {
                                            "total": 5398.239717099995,
                                            "count": 185229,
                                            "is_parallel": true,
                                            "self": 1718.2605793001762,
                                            "children": {
                                                "steps_from_proto": {
                                                    "total": 0.002213,
                                                    "count": 1,
                                                    "is_parallel": true,
                                                    "self": 0.00028050000000000015,
                                                    "children": {
                                                        "_process_vector_observation": {
                                                            "total": 0.0019325,
                                                            "count": 2,
                                                            "is_parallel": true,
                                                            "self": 0.0019325
                                                        }
                                                    }
                                                },
                                                "UnityEnvironment.step": {
                                                    "total": 3679.9769247998183,
                                                    "count": 185229,
                                                    "is_parallel": true,
                                                    "self": 96.03236279977364,
                                                    "children": {
                                                        "UnityEnvironment._generate_step_input": {
                                                            "total": 82.47507849990465,
                                                            "count": 185229,
                                                            "is_parallel": true,
                                                            "self": 82.47507849990465
                                                        },
                                                        "communicator.exchange": {
                                                            "total": 3003.4019721000545,
                                                            "count": 185229,
                                                            "is_parallel": true,
                                                            "self": 3003.4019721000545
                                                        },
                                                        "steps_from_proto": {
                                                            "total": 498.06751140008555,
                                                            "count": 185229,
                                                            "is_parallel": true,